Workbook

Sheet Resumo
A1: TP03 — Painel de sinais analógicos e digitais
A2: Conversão ADC → percentual → 0–100 °C, faixas industriais, decisão e filtragem
A4: Amostras | D4: Máxima tempC | G4: Casos PERIGO | J4: Status dos testes
A5: =COUNTA(Analise!A5:A19) -> 15 | D5: =MAX(Analise!E5:E19) -> 100 | G5: =COUNTIF(Analise!H5:H19,"PERIGO") -> 4 | J5: =IF(COUNTIF(Testes_BQ!D5:D12,"REVISAR")+COUNTIF(Testes_BQ!M18:M26,"REVISAR")+COUNTIF(Media_Movel!F5:F15,"REVISAR")+COUNTIF(Calculo_Inverso!I5:I9,"REVISAR")+COUNTIF(Diagnostico_4_20!I5:I11,"REVISAR")=0,"CONFORME","REVISAR") -> CONFORME
A31: Leitura rápida
A32: NORMAL | B32: 0 ≤ pct < 70 | D32: LED | E32: Aceso somente em PERIGO
A33: ATENCAO | B33: 70 ≤ pct < 85 | D33: Botão | E33: Registrado; não altera estado nem LED
A34: PERIGO | B34: 85 ≤ pct ≤ 100 | D34: DHT22 | E34: Herdado; fora da lógica do TP03
A35: FALHA | B35: pct < 0 ou pct > 100 (teste de software) | D35: Média móvel | E35: Análise adicional; janela de 5 amostras

Sheet Instrucoes
A1: Instruções, rastreabilidade e limitações
A3: Como usar
A4: 1. Registre apenas amostra, botão e ADC bruto em Dados_Brutos.
A5: 2. Não digite resultados derivados: Analise refaz percentual, tempC, 4–20 mA, 0–10 V, estado, LED e média móvel por fórmula.
A6: 3. Use Testes_BQ para conferir as oito fronteiras percentuais prescritas e os nove códigos ADC de quantização.
A7: 4. Media_Movel, Calculo_Inverso e Diagnostico_4_20 documentam os três adicionais.
A8: 5. O gráfico do Resumo é alimentado pela aba Analise; ao mudar os dados brutos, os resultados e a tendência são atualizados.
A9: 6. Ao importar no Google Planilhas, preserve as fórmulas e confira o separador decimal da localidade.
A11: Fórmulas-base (referência transparente)
A12: Cálculo | B12: Expressão
A13: Percentual | B13: pct = (bruto − ADC_MIN) / (ADC_MAX − ADC_MIN) × 100
A14: tempC simulada | B14: tempC = ENG_MIN + pct/100 × (ENG_MAX − ENG_MIN)
A15: 4–20 mA | B15: mA = MA_MIN + pct/100 × (MA_MAX − MA_MIN)
A16: 0–10 V | B16: V = V_MIN + pct/100 × (V_MAX − V_MIN)
A17: Estado | B17: FALHA fora de 0–100; PERIGO ≥85; ATENCAO ≥70; senão NORMAL
A18: Média móvel | B18: janela = média das cinco últimas amostras disponíveis
A19: Inverso 4–20 mA | B19: pct = (mA − 4) / 16 × 100
A21: Limitações da simulação
A22: • A planilha e a verificação nativa validam cálculos, escalonamento, quantização, transições e documentação; o circuito público no Wokwi foi conferido estruturalmente.
A23: • Não validam tolerância real do resistor, ruído eletromagnético, aterramento, isolamento ou corrente física de um laço 4–20 mA.
A24: • Também não comprovam precisão metrológica, linearidade de sensor, atraso de hardware ou segurança funcional.
A25: • O ramo FALHA de percentual é exercitado por injeção de software, pois o ADC normal produz somente 0–1023.
A26: • tempC é uma grandeza simulada pelo potenciômetro; não é a leitura do DHT22 instalado no circuito herdado.
A27: Rastreabilidade
A28: Base: material oficial do TP03 — prática obrigatória e gabarito. Casos B1–B8, Q1–Q9, M1–M11, I1–I5 e G1–G7 conforme a especificação local aprovada.

Sheet Parametros
A1: Parâmetros do modelo
A3: Parâmetro | B3: Valor | C3: Unidade | D3: Uso
A4: ADC_MIN | B4: 0 | C4: contagem | D4: menor código do ADC de 10 bits
A5: ADC_MAX | B5: 1023 | C5: contagem | D5: maior código do ADC de 10 bits
A6: ENG_MIN | B6: 0 | C6: °C | D6: início da faixa simulada
A7: ENG_MAX | B7: 100 | C7: °C | D7: fim da faixa simulada
A8: MA_MIN | B8: 4 | C8: mA | D8: início da faixa industrial
A9: MA_MAX | B9: 20 | C9: mA | D9: fim da faixa industrial
A10: V_MIN | B10: 0 | C10: V | D10: início da faixa 0–10 V
A11: V_MAX | B11: 10 | C11: V | D11: fim da faixa 0–10 V
A12: LIM_ATENCAO | B12: 70 | C12: % | D12: ATENCAO a partir deste valor
A13: LIM_PERIGO | B13: 85 | C13: % | D13: PERIGO a partir deste valor
A14: JANELA_MM | B14: 5 | C14: amostras | D14: janela da média móvel

Sheet Tabela_ES
A1: Tabela de entradas, saídas e variáveis internas
A3: Tag | B3: Endereço | C3: Direção | D3: Natureza | E3: Faixa/estado | F3: Papel | G3: Uso no TP03
A4: BTN_COMANDO | B4: D2 | C4: Entrada | D4: Discreta | E4: HIGH/LOW | F4: registrar comando manual | G4: CSV; não altera estado/LED
A5: POT_BRUTO | B5: A0 | C5: Entrada | D5: Analógica via ADC | E5: 0–1023 | F5: adquirir variável simulada | G5: fonte do escalonamento
A6: TEMP_DHT22 | B6: D4 | C6: Entrada | D6: Digital codificada | E6: protocolo DHT | F6: componente herdado | G6: montado; fora da lógica
A7: LED_ALARME | B7: D8 | C7: Saída | D7: Discreta | E7: OFF/ON | F7: sinalizar PERIGO | G7: ON somente em PERIGO
A8: NIVEL_PCT | B8: Memória | C8: Interna | D8: Numérica | E8: 0–100% | F8: normalizar leitura | G8: cálculo por fórmula
A9: TEMP_SIM_C | B9: Memória | C9: Interna | D9: Numérica | E9: 0–100 °C | F9: grandeza de engenharia | G9: tempC = pct nesta faixa

Sheet Dados_Brutos
A1: Dados brutos — amostras de teste
A2: Códigos escolhidos para cobrir a faixa e as transições; não são capturas do Monitor Serial.
A4: Amostra | B4: Botão (0/1) | C4: ADC bruto | D4: Origem | E4: Observação
A5: 1 | B5: 0 | C5: 0 | D5: código escolhido | E5: mínimo
A6: 2 | B6: 1 | C6: 256 | D6: código escolhido | E6: 25%
A7: 3 | B7: 0 | C7: 512 | D7: código escolhido | E7: meia escala
A8: 4 | B8: 0 | C8: 650 | D8: código escolhido | E8: subida
A9: 5 | B9: 0 | C9: 716 | D9: código escolhido | E9: último NORMAL
A10: 6 | B10: 0 | C10: 717 | D10: código escolhido | E10: primeiro ATENCAO
A11: 7 | B11: 1 | C11: 768 | D11: código escolhido | E11: referência 75%
A12: 8 | B12: 0 | C12: 830 | D12: código escolhido | E12: subida
A13: 9 | B13: 0 | C13: 869 | D13: código escolhido | E13: último ATENCAO
A14: 10 | B14: 0 | C14: 870 | D14: código escolhido | E14: primeiro PERIGO
A15: 11 | B15: 0 | C15: 950 | D15: código escolhido | E15: faixa de perigo
A16: 12 | B16: 1 | C16: 1023 | D16: código escolhido | E16: máximo
... A19: 15 | B19: 0 | C19: 700 | D19: código escolhido | E19: retorno a normal

Sheet Analise
A1: Análise por fórmula — aquisição e escalonamento
A2: O estado e o LED usam o valor instantâneo; a média móvel aparece como análise adicional, sem alterar o firmware obrigatório.
A4: Amostra | B4: Botão | C4: ADC bruto | D4: Percentual (%) | E4: tempC simulada (°C) | F4: Corrente (mA) | G4: Tensão (V) | H4: Estado | I4: LED | J4: Média ADC (5) | K4: Média tempC (°C) | L4: Estado filtrado | M4: Limite ATENCAO | N4: Limite PERIGO
A5: =Dados_Brutos!A5 -> 1 | B5: =Dados_Brutos!B5 -> 0 | C5: =Dados_Brutos!C5 -> 0 | D5: =(C5-Parametros!$B$4)/(Parametros!$B$5-Parametros!$B$4)*100 -> 0 | E5: =Parametros!$B$6+D5/100*(Parametros!$B$7-Parametros!$B$6) -> 0 | F5: =Parametros!$B$8+D5/100*(Parametros!$B$9-Parametros!$B$8) -> 4 | G5: =Parametros!$B$10+D5/100*(Parametros!$B$11-Parametros!$B$10) -> 0 | H5: =IF(OR(D5<0,D5>100),"FALHA",IF(D5>=Parametros!$B$13,"PERIGO",IF(D5>=Parametros!$B$12,"ATENCAO","NORMAL"))) -> NORMAL | I5: =IF(H5="PERIGO","ON","OFF") -> OFF | J5: =AVERAGE(C5:C5) -> 0 | K5: =Parametros!$B$6+(J5-Parametros!$B$4)/(Parametros!$B$5-Parametros!$B$4)*(Parametros!$B$7-Parametros!$B$6) -> 0 | L5: =IF(OR(K5<0,K5>100),"FALHA",IF(K5>=Parametros!$B$13,"PERIGO",IF(K5>=Parametros!$B$12,"ATENCAO","NORMAL"))) -> NORMAL | M5: =Parametros!$B$12 -> 70 | N5: =Parametros!$B$13 -> 85
A6: =Dados_Brutos!A6 -> 2 | B6: =Dados_Brutos!B6 -> 1 | C6: =Dados_Brutos!C6 -> 256 | D6: =(C6-Parametros!$B$4)/(Parametros!$B$5-Parametros!$B$4)*100 -> 25.024438 | E6: =Parametros!$B$6+D6/100*(Parametros!$B$7-Parametros!$B$6) -> 25.024438 | F6: =Parametros!$B$8+D6/100*(Parametros!$B$9-Parametros!$B$8) -> 8.0039101 | G6: =Parametros!$B$10+D6/100*(Parametros!$B$11-Parametros!$B$10) -> 2.5024438 | H6: =IF(OR(D6<0,D6>100),"FALHA",IF(D6>=Parametros!$B$13,"PERIGO",IF(D6>=Parametros!$B$12,"ATENCAO","NORMAL"))) -> NORMAL | I6: =IF(H6="PERIGO","ON","OFF") -> OFF | J6: =AVERAGE(C5:C6) -> 128 | K6: =Parametros!$B$6+(J6-Parametros!$B$4)/(Parametros!$B$5-Parametros!$B$4)*(Parametros!$B$7-Parametros!$B$6) -> 12.512219 | L6: =IF(OR(K6<0,K6>100),"FALHA",IF(K6>=Parametros!$B$13,"PERIGO",IF(K6>=Parametros!$B$12,"ATENCAO","NORMAL"))) -> NORMAL | M6: =Parametros!$B$12 -> 70 | N6: =Parametros!$B$13 -> 85
A7: =Dados_Brutos!A7 -> 3 | B7: =Dados_Brutos!B7 -> 0 | C7: =Dados_Brutos!C7 -> 512 | D7: =(C7-Parametros!$B$4)/(Parametros!$B$5-Parametros!$B$4)*100 -> 50.048876 | E7: =Parametros!$B$6+D7/100*(Parametros!$B$7-Parametros!$B$6) -> 50.048876 | F7: =Parametros!$B$8+D7/100*(Parametros!$B$9-Parametros!$B$8) -> 12.00782 | G7: =Parametros!$B$10+D7/100*(Parametros!$B$11-Parametros!$B$10) -> 5.0048876 | H7: =IF(OR(D7<0,D7>100),"FALHA",IF(D7>=Parametros!$B$13,"PERIGO",IF(D7>=Parametros!$B$12,"ATENCAO","NORMAL"))) -> NORMAL | I7: =IF(H7="PERIGO","ON","OFF") -> OFF | J7: =AVERAGE(C5:C7) -> 256 | K7: =Parametros!$B$6+(J7-Parametros!$B$4)/(Parametros!$B$5-Parametros!$B$4)*(Parametros!$B$7-Parametros!$B$6) -> 25.024438 | L7: =IF(OR(K7<0,K7>100),"FALHA",IF(K7>=Parametros!$B$13,"PERIGO",IF(K7>=Parametros!$B$12,"ATENCAO","NORMAL"))) -> NORMAL | M7: =Parametros!$B$12 -> 70 | N7: =Parametros!$B$13 -> 85
A8: =Dados_Brutos!A8 -> 4 | B8: =Dados_Brutos!B8 -> 0 | C8: =Dados_Brutos!C8 -> 650 | D8: =(C8-Parametros!$B$4)/(Parametros!$B$5-Parametros!$B$4)*100 -> 63.538612 | E8: =Parametros!$B$6+D8/100*(Parametros!$B$7-Parametros!$B$6) -> 63.538612 | F8: =Parametros!$B$8+D8/100*(Parametros!$B$9-Parametros!$B$8) -> 14.166178 | G8: =Parametros!$B$10+D8/100*(Parametros!$B$11-Parametros!$B$10) -> 6.3538612 | H8: =IF(OR(D8<0,D8>100),"FALHA",IF(D8>=Parametros!$B$13,"PERIGO",IF(D8>=Parametros!$B$12,"ATENCAO","NORMAL"))) -> NORMAL | I8: =IF(H8="PERIGO","ON","OFF") -> OFF | J8: =AVERAGE(C5:C8) -> 354.5 | K8: =Parametros!$B$6+(J8-Parametros!$B$4)/(Parametros!$B$5-Parametros!$B$4)*(Parametros!$B$7-Parametros!$B$6) -> 34.652981 | L8: =IF(OR(K8<0,K8>100),"FALHA",IF(K8>=Parametros!$B$13,"PERIGO",IF(K8>=Parametros!$B$12,"ATENCAO","NORMAL"))) -> NORMAL | M8: =Parametros!$B$12 -> 70 | N8: =Parametros!$B$13 -> 85
A9: =Dados_Brutos!A9 -> 5 | B9: =Dados_Brutos!B9 -> 0 | C9: =Dados_Brutos!C9 -> 716 | D9: =(C9-Parametros!$B$4)/(Parametros!$B$5-Parametros!$B$4)*100 -> 69.990225 | E9: =Parametros!$B$6+D9/100*(Parametros!$B$7-Parametros!$B$6) -> 69.990225 | F9: =Parametros!$B$8+D9/100*(Parametros!$B$9-Parametros!$B$8) -> 15.198436 | G9: =Parametros!$B$10+D9/100*(Parametros!$B$11-Parametros!$B$10) -> 6.9990225 | H9: =IF(OR(D9<0,D9>100),"FALHA",IF(D9>=Parametros!$B$13,"PERIGO",IF(D9>=Parametros!$B$12,"ATENCAO","NORMAL"))) -> NORMAL | I9: =IF(H9="PERIGO","ON","OFF") -> OFF | J9: =AVERAGE(C5:C9) -> 426.8 | K9: =Parametros!$B$6+(J9-Parametros!$B$4)/(Parametros!$B$5-Parametros!$B$4)*(Parametros!$B$7-Parametros!$B$6) -> 41.72043 | L9: =IF(OR(K9<0,K9>100),"FALHA",IF(K9>=Parametros!$B$13,"PERIGO",IF(K9>=Parametros!$B$12,"ATENCAO","NORMAL"))) -> NORMAL | M9: =Parametros!$B$12 -> 70 | N9: =Parametros!$B$13 -> 85
A10: =Dados_Brutos!A10 -> 6 | B10: =Dados_Brutos!B10 -> 0 | C10: =Dados_Brutos!C10 -> 717 | D10: =(C10-Parametros!$B$4)/(Parametros!$B$5-Parametros!$B$4)*100 -> 70.087977 | E10: =Parametros!$B$6+D10/100*(Parametros!$B$7-Parametros!$B$6) -> 70.087977 | F10: =Parametros!$B$8+D10/100*(Parametros!$B$9-Parametros!$B$8) -> 15.214076 | G10: =Parametros!$B$10+D10/100*(Parametros!$B$11-Parametros!$B$10) -> 7.0087977 | H10: =IF(OR(D10<0,D10>100),"FALHA",IF(D10>=Parametros!$B$13,"PERIGO",IF(D10>=Parametros!$B$12,"ATENCAO","NORMAL"))) -> ATENCAO | I10: =IF(H10="PERIGO","ON","OFF") -> OFF | J10: =AVERAGE(C6:C10) -> 570.2 | K10: =Parametros!$B$6+(J10-Parametros!$B$4)/(Parametros!$B$5-Parametros!$B$4)*(Parametros!$B$7-Parametros!$B$6) -> 55.738025 | L10: =IF(OR(K10<0,K10>100),"FALHA",IF(K10>=Parametros!$B$13,"PERIGO",IF(K10>=Parametros!$B$12,"ATENCAO","NORMAL"))) -> NORMAL | M10: =Parametros!$B$12 -> 70 | N10: =Parametros!$B$13 -> 85
A11: =Dados_Brutos!A11 -> 7 | B11: =Dados_Brutos!B11 -> 1 | C11: =Dados_Brutos!C11 -> 768 | D11: =(C11-Parametros!$B$4)/(Parametros!$B$5-Parametros!$B$4)*100 -> 75.073314 | E11: =Parametros!$B$6+D11/100*(Parametros!$B$7-Parametros!$B$6) -> 75.073314 | F11: =Parametros!$B$8+D11/100*(Parametros!$B$9-Parametros!$B$8) -> 16.01173 | G11: =Parametros!$B$10+D11/100*(Parametros!$B$11-Parametros!$B$10) -> 7.5073314 | H11: =IF(OR(D11<0,D11>100),"FALHA",IF(D11>=Parametros!$B$13,"PERIGO",IF(D11>=Parametros!$B$12,"ATENCAO","NORMAL"))) -> ATENCAO | I11: =IF(H11="PERIGO","ON","OFF") -> OFF | J11: =AVERAGE(C7:C11) -> 672.6 | K11: =Parametros!$B$6+(J11-Parametros!$B$4)/(Parametros!$B$5-Parametros!$B$4)*(Parametros!$B$7-Parametros!$B$6) -> 65.747801 | L11: =IF(OR(K11<0,K11>100),"FALHA",IF(K11>=Parametros!$B$13,"PERIGO",IF(K11>=Parametros!$B$12,"ATENCAO","NORMAL"))) -> NORMAL | M11: =Parametros!$B$12 -> 70 | N11: =Parametros!$B$13 -> 85
A12: =Dados_Brutos!A12 -> 8 | B12: =Dados_Brutos!B12 -> 0 | C12: =Dados_Brutos!C12 -> 830 | D12: =(C12-Parametros!$B$4)/(Parametros!$B$5-Parametros!$B$4)*100 -> 81.13392 | E12: =Parametros!$B$6+D12/100*(Parametros!$B$7-Parametros!$B$6) -> 81.13392 | F12: =Parametros!$B$8+D12/100*(Parametros!$B$9-Parametros!$B$8) -> 16.981427 | G12: =Parametros!$B$10+D12/100*(Parametros!$B$11-Parametros!$B$10) -> 8.113392 | H12: =IF(OR(D12<0,D12>100),"FALHA",IF(D12>=Parametros!$B$13,"PERIGO",IF(D12>=Parametros!$B$12,"ATENCAO","NORMAL"))) -> ATENCAO | I12: =IF(H12="PERIGO","ON","OFF") -> OFF | J12: =AVERAGE(C8:C12) -> 736.2 | K12: =Parametros!$B$6+(J12-Parametros!$B$4)/(Parametros!$B$5-Parametros!$B$4)*(Parametros!$B$7-Parametros!$B$6) -> 71.964809 | L12: =IF(OR(K12<0,K12>100),"FALHA",IF(K12>=Parametros!$B$13,"PERIGO",IF(K12>=Parametros!$B$12,"ATENCAO","NORMAL"))) -> ATENCAO | M12: =Parametros!$B$12 -> 70 | N12: =Parametros!$B$13 -> 85
A13: =Dados_Brutos!A13 -> 9 | B13: =Dados_Brutos!B13 -> 0 | C13: =Dados_Brutos!C13 -> 869 | D13: =(C13-Parametros!$B$4)/(Parametros!$B$5-Parametros!$B$4)*100 -> 84.946237 | E13: =Parametros!$B$6+D13/100*(Parametros!$B$7-Parametros!$B$6) -> 84.946237 | F13: =Parametros!$B$8+D13/100*(Parametros!$B$9-Parametros!$B$8) -> 17.591398 | G13: =Parametros!$B$10+D13/100*(Parametros!$B$11-Parametros!$B$10) -> 8.4946237 | H13: =IF(OR(D13<0,D13>100),"FALHA",IF(D13>=Parametros!$B$13,"PERIGO",IF(D13>=Parametros!$B$12,"ATENCAO","NORMAL"))) -> ATENCAO | I13: =IF(H13="PERIGO","ON","OFF") -> OFF | J13: =AVERAGE(C9:C13) -> 780 | K13: =Parametros!$B$6+(J13-Parametros!$B$4)/(Parametros!$B$5-Parametros!$B$4)*(Parametros!$B$7-Parametros!$B$6) -> 76.246334 | L13: =IF(OR(K13<0,K13>100),"FALHA",IF(K13>=Parametros!$B$13,"PERIGO",IF(K13>=Parametros!$B$12,"ATENCAO","NORMAL"))) -> ATENCAO | M13: =Parametros!$B$12 -> 70 | N13: =Parametros!$B$13 -> 85
A14: =Dados_Brutos!A14 -> 10 | B14: =Dados_Brutos!B14 -> 0 | C14: =Dados_Brutos!C14 -> 870 | D14: =(C14-Parametros!$B$4)/(Parametros!$B$5-Parametros!$B$4)*100 -> 85.043988 | E14: =Parametros!$B$6+D14/100*(Parametros!$B$7-Parametros!$B$6) -> 85.043988 | F14: =Parametros!$B$8+D14/100*(Parametros!$B$9-Parametros!$B$8) -> 17.607038 | G14: =Parametros!$B$10+D14/100*(Parametros!$B$11-Parametros!$B$10) -> 8.5043988 | H14: =IF(OR(D14<0,D14>100),"FALHA",IF(D14>=Parametros!$B$13,"PERIGO",IF(D14>=Parametros!$B$12,"ATENCAO","NORMAL"))) -> PERIGO | I14: =IF(H14="PERIGO","ON","OFF") -> ON | J14: =AVERAGE(C10:C14) -> 810.8 | K14: =Parametros!$B$6+(J14-Parametros!$B$4)/(Parametros!$B$5-Parametros!$B$4)*(Parametros!$B$7-Parametros!$B$6) -> 79.257087 | L14: =IF(OR(K14<0,K14>100),"FALHA",IF(K14>=Parametros!$B$13,"PERIGO",IF(K14>=Parametros!$B$12,"ATENCAO","NORMAL"))) -> ATENCAO | M14: =Parametros!$B$12 -> 70 | N14: =Parametros!$B$13 -> 85
A15: =Dados_Brutos!A15 -> 11 | B15: =Dados_Brutos!B15 -> 0 | C15: =Dados_Brutos!C15 -> 950 | D15: =(C15-Parametros!$B$4)/(Parametros!$B$5-Parametros!$B$4)*100 -> 92.864125 | E15: =Parametros!$B$6+D15/100*(Parametros!$B$7-Parametros!$B$6) -> 92.864125 | F15: =Parametros!$B$8+D15/100*(Parametros!$B$9-Parametros!$B$8) -> 18.85826 | G15: =Parametros!$B$10+D15/100*(Parametros!$B$11-Parametros!$B$10) -> 9.2864125 | H15: =IF(OR(D15<0,D15>100),"FALHA",IF(D15>=Parametros!$B$13,"PERIGO",IF(D15>=Parametros!$B$12,"ATENCAO","NORMAL"))) -> PERIGO | I15: =IF(H15="PERIGO","ON","OFF") -> ON | J15: =AVERAGE(C11:C15) -> 857.4 | K15: =Parametros!$B$6+(J15-Parametros!$B$4)/(Parametros!$B$5-Parametros!$B$4)*(Parametros!$B$7-Parametros!$B$6) -> 83.812317 | L15: =IF(OR(K15<0,K15>100),"FALHA",IF(K15>=Parametros!$B$13,"PERIGO",IF(K15>=Parametros!$B$12,"ATENCAO","NORMAL"))) -> ATENCAO | M15: =Parametros!$B$12 -> 70 | N15: =Parametros!$B$13 -> 85
A16: =Dados_Brutos!A16 -> 12 | B16: =Dados_Brutos!B16 -> 1 | C16: =Dados_Brutos!C16 -> 1023 | D16: =(C16-Parametros!$B$4)/(Parametros!$B$5-Parametros!$B$4)*100 -> 100 | E16: =Parametros!$B$6+D16/100*(Parametros!$B$7-Parametros!$B$6) -> 100 | F16: =Parametros!$B$8+D16/100*(Parametros!$B$9-Parametros!$B$8) -> 20 | G16: =Parametros!$B$10+D16/100*(Parametros!$B$11-Parametros!$B$10) -> 10 | H16: =IF(OR(D16<0,D16>100),"FALHA",IF(D16>=Parametros!$B$13,"PERIGO",IF(D16>=Parametros!$B$12,"ATENCAO","NORMAL"))) -> PERIGO | I16: =IF(H16="PERIGO","ON","OFF") -> ON | J16: =AVERAGE(C12:C16) -> 908.4 | K16: =Parametros!$B$6+(J16-Parametros!$B$4)/(Parametros!$B$5-Parametros!$B$4)*(Parametros!$B$7-Parametros!$B$6) -> 88.797654 | L16: =IF(OR(K16<0,K16>100),"FALHA",IF(K16>=Parametros!$B$13,"PERIGO",IF(K16>=Parametros!$B$12,"ATENCAO","NORMAL"))) -> PERIGO | M16: =Parametros!$B$12 -> 70 | N16: =Parametros!$B$13 -> 85
A17: =Dados_Brutos!A17 -> 13 | B17: =Dados_Brutos!B17 -> 0 | C17: =Dados_Brutos!C17 -> 900 | D17: =(C17-Parametros!$B$4)/(Parametros!$B$5-Parametros!$B$4)*100 -> 87.97654 | E17: =Parametros!$B$6+D17/100*(Parametros!$B$7-Parametros!$B$6) -> 87.97654 | F17: =Parametros!$B$8+D17/100*(Parametros!$B$9-Parametros!$B$8) -> 18.076246 | G17: =Parametros!$B$10+D17/100*(Parametros!$B$11-Parametros!$B$10) -> 8.797654 | H17: =IF(OR(D17<0,D17>100),"FALHA",IF(D17>=Parametros!$B$13,"PERIGO",IF(D17>=Parametros!$B$12,"ATENCAO","NORMAL"))) -> PERIGO | I17: =IF(H17="PERIGO","ON","OFF") -> ON | J17: =AVERAGE(C13:C17) -> 922.4 | K17: =Parametros!$B$6+(J17-Parametros!$B$4)/(Parametros!$B$5-Parametros!$B$4)*(Parametros!$B$7-Parametros!$B$6) -> 90.166178 | L17: =IF(OR(K17<0,K17>100),"FALHA",IF(K17>=Parametros!$B$13,"PERIGO",IF(K17>=Parametros!$B$12,"ATENCAO","NORMAL"))) -> PERIGO | M17: =Parametros!$B$12 -> 70 | N17: =Parametros!$B$13 -> 85
A18: =Dados_Brutos!A18 -> 14 | B18: =Dados_Brutos!B18 -> 0 | C18: =Dados_Brutos!C18 -> 800 | D18: =(C18-Parametros!$B$4)/(Parametros!$B$5-Parametros!$B$4)*100 -> 78.201369 | E18: =Parametros!$B$6+D18/100*(Parametros!$B$7-Parametros!$B$6) -> 78.201369 | F18: =Parametros!$B$8+D18/100*(Parametros!$B$9-Parametros!$B$8) -> 16.512219 | G18: =Parametros!$B$10+D18/100*(Parametros!$B$11-Parametros!$B$10) -> 7.8201369 | H18: =IF(OR(D18<0,D18>100),"FALHA",IF(D18>=Parametros!$B$13,"PERIGO",IF(D18>=Parametros!$B$12,"ATENCAO","NORMAL"))) -> ATENCAO | I18: =IF(H18="PERIGO","ON","OFF") -> OFF | J18: =AVERAGE(C14:C18) -> 908.6 | K18: =Parametros!$B$6+(J18-Parametros!$B$4)/(Parametros!$B$5-Parametros!$B$4)*(Parametros!$B$7-Parametros!$B$6) -> 88.817204 | L18: =IF(OR(K18<0,K18>100),"FALHA",IF(K18>=Parametros!$B$13,"PERIGO",IF(K18>=Parametros!$B$12,"ATENCAO","NORMAL"))) -> PERIGO | M18: =Parametros!$B$12 -> 70 | N18: =Parametros!$B$13 -> 85
A19: =Dados_Brutos!A19 -> 15 | B19: =Dados_Brutos!B19 -> 0 | C19: =Dados_Brutos!C19 -> 700 | D19: =(C19-Parametros!$B$4)/(Parametros!$B$5-Parametros!$B$4)*100 -> 68.426197 | E19: =Parametros!$B$6+D19/100*(Parametros!$B$7-Parametros!$B$6) -> 68.426197 | F19: =Parametros!$B$8+D19/100*(Parametros!$B$9-Parametros!$B$8) -> 14.948192 | G19: =Parametros!$B$10+D19/100*(Parametros!$B$11-Parametros!$B$10) -> 6.8426197 | H19: =IF(OR(D19<0,D19>100),"FALHA",IF(D19>=Parametros!$B$13,"PERIGO",IF(D19>=Parametros!$B$12,"ATENCAO","NORMAL"))) -> NORMAL | I19: =IF(H19="PERIGO","ON","OFF") -> OFF | J19: =AVERAGE(C15:C19) -> 874.6 | K19: =Parametros!$B$6+(J19-Parametros!$B$4)/(Parametros!$B$5-Parametros!$B$4)*(Parametros!$B$7-Parametros!$B$6) -> 85.493646 | L19: =IF(OR(K19<0,K19>100),"FALHA",IF(K19>=Parametros!$B$13,"PERIGO",IF(K19>=Parametros!$B$12,"ATENCAO","NORMAL"))) -> PERIGO | M19: =Parametros!$B$12 -> 70 | N19: =Parametros!$B$13 -> 85

Sheet Testes_BQ
A1: Casos de teste — fronteiras B e quantização Q
A3: B1–B8 — percentuais injetados (teste de software)
A4: Caso | B4: Percentual injetado (%) | C4: Estado esperado | D4: Estado calculado | E4: Situação
A5: B1 | B5: -1 | C5: FALHA | D5: =IF(OR(B5<0,B5>100),"FALHA",IF(B5>=Parametros!$B$13,"PERIGO",IF(B5>=Parametros!$B$12,"ATENCAO","NORMAL"))) -> FALHA | E5: =IF(C5=D5,"CONFORME","REVISAR") -> CONFORME
A6: B2 | B6: 0 | C6: NORMAL | D6: =IF(OR(B6<0,B6>100),"FALHA",IF(B6>=Parametros!$B$13,"PERIGO",IF(B6>=Parametros!$B$12,"ATENCAO","NORMAL"))) -> NORMAL | E6: =IF(C6=D6,"CONFORME","REVISAR") -> CONFORME
A7: B3 | B7: 69.99 | C7: NORMAL | D7: =IF(OR(B7<0,B7>100),"FALHA",IF(B7>=Parametros!$B$13,"PERIGO",IF(B7>=Parametros!$B$12,"ATENCAO","NORMAL"))) -> NORMAL | E7: =IF(C7=D7,"CONFORME","REVISAR") -> CONFORME
A8: B4 | B8: 70 | C8: ATENCAO | D8: =IF(OR(B8<0,B8>100),"FALHA",IF(B8>=Parametros!$B$13,"PERIGO",IF(B8>=Parametros!$B$12,"ATENCAO","NORMAL"))) -> ATENCAO | E8: =IF(C8=D8,"CONFORME","REVISAR") -> CONFORME
A9: B5 | B9: 84.99 | C9: ATENCAO | D9: =IF(OR(B9<0,B9>100),"FALHA",IF(B9>=Parametros!$B$13,"PERIGO",IF(B9>=Parametros!$B$12,"ATENCAO","NORMAL"))) -> ATENCAO | E9: =IF(C9=D9,"CONFORME","REVISAR") -> CONFORME
A10: B6 | B10: 85 | C10: PERIGO | D10: =IF(OR(B10<0,B10>100),"FALHA",IF(B10>=Parametros!$B$13,"PERIGO",IF(B10>=Parametros!$B$12,"ATENCAO","NORMAL"))) -> PERIGO | E10: =IF(C10=D10,"CONFORME","REVISAR") -> CONFORME
A11: B7 | B11: 100 | C11: PERIGO | D11: =IF(OR(B11<0,B11>100),"FALHA",IF(B11>=Parametros!$B$13,"PERIGO",IF(B11>=Parametros!$B$12,"ATENCAO","NORMAL"))) -> PERIGO | E11: =IF(C11=D11,"CONFORME","REVISAR") -> CONFORME
A12: B8 | B12: 100.01 | C12: FALHA | D12: =IF(OR(B12<0,B12>100),"FALHA",IF(B12>=Parametros!$B$13,"PERIGO",IF(B12>=Parametros!$B$12,"ATENCAO","NORMAL"))) -> FALHA | E12: =IF(C12=D12,"CONFORME","REVISAR") -> CONFORME
A16: Q1–Q9 — códigos reais do ADC e transições quantizadas
A17: Caso | B17: ADC bruto | C17: Pct calculado | D17: Pct esperado | E17: Erro abs. | F17: tempC | G17: mA | H17: V | I17: Estado calc. | J17: Estado esp. | K17: LED calc. | L17: LED esp. | M17: Situação
A18: Q1 | B18: 0 | C18: =(B18-Parametros!$B$4)/(Parametros!$B$5-Parametros!$B$4)*100 -> 0 | D18: 0 | E18: =ABS(C18-D18) -> 0 | F18: =Parametros!$B$6+C18/100*(Parametros!$B$7-Parametros!$B$6) -> 0 | G18: =Parametros!$B$8+C18/100*(Parametros!$B$9-Parametros!$B$8) -> 4 | H18: =Parametros!$B$10+C18/100*(Parametros!$B$11-Parametros!$B$10) -> 0 | I18: =IF(OR(C18<0,C18>100),"FALHA",IF(C18>=Parametros!$B$13,"PERIGO",IF(C18>=Parametros!$B$12,"ATENCAO","NORMAL"))) -> NORMAL | J18: NORMAL | K18: =IF(I18="PERIGO","ON","OFF") -> OFF | L18: OFF | M18: =IF(AND(E18<0.0001,I18=J18,K18=L18),"CONFORME","REVISAR") -> CONFORME
A19: Q2 | B19: 256 | C19: =(B19-Parametros!$B$4)/(Parametros!$B$5-Parametros!$B$4)*100 -> 25.024438 | D19: 25.024438 | E19: =ABS(C19-D19) -> 3.5527137e-15 | F19: =Parametros!$B$6+C19/100*(Parametros!$B$7-Parametros!$B$6) -> 25.024438 | G19: =Parametros!$B$8+C19/100*(Parametros!$B$9-Parametros!$B$8) -> 8.0039101 | H19: =Parametros!$B$10+C19/100*(Parametros!$B$11-Parametros!$B$10) -> 2.5024438 | I19: =IF(OR(C19<0,C19>100),"FALHA",IF(C19>=Parametros!$B$13,"PERIGO",IF(C19>=Parametros!$B$12,"ATENCAO","NORMAL"))) -> NORMAL | J19: NORMAL | K19: =IF(I19="PERIGO","ON","OFF") -> OFF | L19: OFF | M19: =IF(AND(E19<0.0001,I19=J19,K19=L19),"CONFORME","REVISAR") -> CONFORME
A20: Q3 | B20: 512 | C20: =(B20-Parametros!$B$4)/(Parametros!$B$5-Parametros!$B$4)*100 -> 50.048876 | D20: 50.048876 | E20: =ABS(C20-D20) -> 7.1054274e-15 | F20: =Parametros!$B$6+C20/100*(Parametros!$B$7-Parametros!$B$6) -> 50.048876 | G20: =Parametros!$B$8+C20/100*(Parametros!$B$9-Parametros!$B$8) -> 12.00782 | H20: =Parametros!$B$10+C20/100*(Parametros!$B$11-Parametros!$B$10) -> 5.0048876 | I20: =IF(OR(C20<0,C20>100),"FALHA",IF(C20>=Parametros!$B$13,"PERIGO",IF(C20>=Parametros!$B$12,"ATENCAO","NORMAL"))) -> NORMAL | J20: NORMAL | K20: =IF(I20="PERIGO","ON","OFF") -> OFF | L20: OFF | M20: =IF(AND(E20<0.0001,I20=J20,K20=L20),"CONFORME","REVISAR") -> CONFORME
A21: Q4 | B21: 716 | C21: =(B21-Parametros!$B$4)/(Parametros!$B$5-Parametros!$B$4)*100 -> 69.990225 | D21: 69.990225 | E21: =ABS(C21-D21) -> 1.4210855e-14 | F21: =Parametros!$B$6+C21/100*(Parametros!$B$7-Parametros!$B$6) -> 69.990225 | G21: =Parametros!$B$8+C21/100*(Parametros!$B$9-Parametros!$B$8) -> 15.198436 | H21: =Parametros!$B$10+C21/100*(Parametros!$B$11-Parametros!$B$10) -> 6.9990225 | I21: =IF(OR(C21<0,C21>100),"FALHA",IF(C21>=Parametros!$B$13,"PERIGO",IF(C21>=Parametros!$B$12,"ATENCAO","NORMAL"))) -> NORMAL | J21: NORMAL | K21: =IF(I21="PERIGO","ON","OFF") -> OFF | L21: OFF | M21: =IF(AND(E21<0.0001,I21=J21,K21=L21),"CONFORME","REVISAR") -> CONFORME
A22: Q5 | B22: 717 | C22: =(B22-Parametros!$B$4)/(Parametros!$B$5-Parametros!$B$4)*100 -> 70.087977 | D22: 70.087977 | E22: =ABS(C22-D22) -> 0 | F22: =Parametros!$B$6+C22/100*(Parametros!$B$7-Parametros!$B$6) -> 70.087977 | G22: =Parametros!$B$8+C22/100*(Parametros!$B$9-Parametros!$B$8) -> 15.214076 | H22: =Parametros!$B$10+C22/100*(Parametros!$B$11-Parametros!$B$10) -> 7.0087977 | I22: =IF(OR(C22<0,C22>100),"FALHA",IF(C22>=Parametros!$B$13,"PERIGO",IF(C22>=Parametros!$B$12,"ATENCAO","NORMAL"))) -> ATENCAO | J22: ATENCAO | K22: =IF(I22="PERIGO","ON","OFF") -> OFF | L22: OFF | M22: =IF(AND(E22<0.0001,I22=J22,K22=L22),"CONFORME","REVISAR") -> CONFORME
A23: Q6 | B23: 768 | C23: =(B23-Parametros!$B$4)/(Parametros!$B$5-Parametros!$B$4)*100 -> 75.073314 | D23: 75.073314 | E23: =ABS(C23-D23) -> 0 | F23: =Parametros!$B$6+C23/100*(Parametros!$B$7-Parametros!$B$6) -> 75.073314 | G23: =Parametros!$B$8+C23/100*(Parametros!$B$9-Parametros!$B$8) -> 16.01173 | H23: =Parametros!$B$10+C23/100*(Parametros!$B$11-Parametros!$B$10) -> 7.5073314 | I23: =IF(OR(C23<0,C23>100),"FALHA",IF(C23>=Parametros!$B$13,"PERIGO",IF(C23>=Parametros!$B$12,"ATENCAO","NORMAL"))) -> ATENCAO | J23: ATENCAO | K23: =IF(I23="PERIGO","ON","OFF") -> OFF | L23: OFF | M23: =IF(AND(E23<0.0001,I23=J23,K23=L23),"CONFORME","REVISAR") -> CONFORME
A24: Q7 | B24: 869 | C24: =(B24-Parametros!$B$4)/(Parametros!$B$5-Parametros!$B$4)*100 -> 84.946237 | D24: 84.946237 | E24: =ABS(C24-D24) -> 0 | F24: =Parametros!$B$6+C24/100*(Parametros!$B$7-Parametros!$B$6) -> 84.946237 | G24: =Parametros!$B$8+C24/100*(Parametros!$B$9-Parametros!$B$8) -> 17.591398 | H24: =Parametros!$B$10+C24/100*(Parametros!$B$11-Parametros!$B$10) -> 8.4946237 | I24: =IF(OR(C24<0,C24>100),"FALHA",IF(C24>=Parametros!$B$13,"PERIGO",IF(C24>=Parametros!$B$12,"ATENCAO","NORMAL"))) -> ATENCAO | J24: ATENCAO | K24: =IF(I24="PERIGO","ON","OFF") -> OFF | L24: OFF | M24: =IF(AND(E24<0.0001,I24=J24,K24=L24),"CONFORME","REVISAR") -> CONFORME
A25: Q8 | B25: 870 | C25: =(B25-Parametros!$B$4)/(Parametros!$B$5-Parametros!$B$4)*100 -> 85.043988 | D25: 85.043988 | E25: =ABS(C25-D25) -> 0 | F25: =Parametros!$B$6+C25/100*(Parametros!$B$7-Parametros!$B$6) -> 85.043988 | G25: =Parametros!$B$8+C25/100*(Parametros!$B$9-Parametros!$B$8) -> 17.607038 | H25: =Parametros!$B$10+C25/100*(Parametros!$B$11-Parametros!$B$10) -> 8.5043988 | I25: =IF(OR(C25<0,C25>100),"FALHA",IF(C25>=Parametros!$B$13,"PERIGO",IF(C25>=Parametros!$B$12,"ATENCAO","NORMAL"))) -> PERIGO | J25: PERIGO | K25: =IF(I25="PERIGO","ON","OFF") -> ON | L25: ON | M25: =IF(AND(E25<0.0001,I25=J25,K25=L25),"CONFORME","REVISAR") -> CONFORME
A26: Q9 | B26: 1023 | C26: =(B26-Parametros!$B$4)/(Parametros!$B$5-Parametros!$B$4)*100 -> 100 | D26: 100 | E26: =ABS(C26-D26) -> 0 | F26: =Parametros!$B$6+C26/100*(Parametros!$B$7-Parametros!$B$6) -> 100 | G26: =Parametros!$B$8+C26/100*(Parametros!$B$9-Parametros!$B$8) -> 20 | H26: =Parametros!$B$10+C26/100*(Parametros!$B$11-Parametros!$B$10) -> 10 | I26: =IF(OR(C26<0,C26>100),"FALHA",IF(C26>=Parametros!$B$13,"PERIGO",IF(C26>=Parametros!$B$12,"ATENCAO","NORMAL"))) -> PERIGO | J26: PERIGO | K26: =IF(I26="PERIGO","ON","OFF") -> ON | L26: ON | M26: =IF(AND(E26<0.0001,I26=J26,K26=L26),"CONFORME","REVISAR") -> CONFORME

Sheet Media_Movel
A1: Média móvel — janela de cinco amostras
A2: A janela usa todas as amostras disponíveis até M5 e, depois, mantém exatamente cinco valores.
A4: Caso | B4: ADC bruto | C4: Média calculada | D4: Média esperada | E4: Erro abs. | F4: Situação | G4: Pct filtrado | H4: tempC filtrada
A5: M1 | B5: 500 | C5: =AVERAGE(B5:B5) -> 500 | D5: 500 | E5: =ABS(C5-D5) -> 0 | F5: =IF(E5<0.0001,"CONFORME","REVISAR") -> CONFORME | G5: =(C5-Parametros!$B$4)/(Parametros!$B$5-Parametros!$B$4)*100 -> 48.875855 | H5: =Parametros!$B$6+G5/100*(Parametros!$B$7-Parametros!$B$6) -> 48.875855
A6: M2 | B6: 504 | C6: =AVERAGE(B5:B6) -> 502 | D6: 502 | E6: =ABS(C6-D6) -> 0 | F6: =IF(E6<0.0001,"CONFORME","REVISAR") -> CONFORME | G6: =(C6-Parametros!$B$4)/(Parametros!$B$5-Parametros!$B$4)*100 -> 49.071359 | H6: =Parametros!$B$6+G6/100*(Parametros!$B$7-Parametros!$B$6) -> 49.071359
A7: M3 | B7: 498 | C7: =AVERAGE(B5:B7) -> 500.66667 | D7: 500.66667 | E7: =ABS(C7-D7) -> 3.3333322e-08 | F7: =IF(E7<0.0001,"CONFORME","REVISAR") -> CONFORME | G7: =(C7-Parametros!$B$4)/(Parametros!$B$5-Parametros!$B$4)*100 -> 48.941023 | H7: =Parametros!$B$6+G7/100*(Parametros!$B$7-Parametros!$B$6) -> 48.941023
A8: M4 | B8: 502 | C8: =AVERAGE(B5:B8) -> 501 | D8: 501 | E8: =ABS(C8-D8) -> 0 | F8: =IF(E8<0.0001,"CONFORME","REVISAR") -> CONFORME | G8: =(C8-Parametros!$B$4)/(Parametros!$B$5-Parametros!$B$4)*100 -> 48.973607 | H8: =Parametros!$B$6+G8/100*(Parametros!$B$7-Parametros!$B$6) -> 48.973607
A9: M5 | B9: 500 | C9: =AVERAGE(B5:B9) -> 500.8 | D9: 500.8 | E9: =ABS(C9-D9) -> 0 | F9: =IF(E9<0.0001,"CONFORME","REVISAR") -> CONFORME | G9: =(C9-Parametros!$B$4)/(Parametros!$B$5-Parametros!$B$4)*100 -> 48.954057 | H9: =Parametros!$B$6+G9/100*(Parametros!$B$7-Parametros!$B$6) -> 48.954057
A10: M6 | B10: 620 | C10: =AVERAGE(B6:B10) -> 524.8 | D10: 524.8 | E10: =ABS(C10-D10) -> 0 | F10: =IF(E10<0.0001,"CONFORME","REVISAR") -> CONFORME | G10: =(C10-Parametros!$B$4)/(Parametros!$B$5-Parametros!$B$4)*100 -> 51.300098 | H10: =Parametros!$B$6+G10/100*(Parametros!$B$7-Parametros!$B$6) -> 51.300098
A11: M7 | B11: 504 | C11: =AVERAGE(B7:B11) -> 524.8 | D11: 524.8 | E11: =ABS(C11-D11) -> 0 | F11: =IF(E11<0.0001,"CONFORME","REVISAR") -> CONFORME | G11: =(C11-Parametros!$B$4)/(Parametros!$B$5-Parametros!$B$4)*100 -> 51.300098 | H11: =Parametros!$B$6+G11/100*(Parametros!$B$7-Parametros!$B$6) -> 51.300098
A12: M8 | B12: 498 | C12: =AVERAGE(B8:B12) -> 524.8 | D12: 524.8 | E12: =ABS(C12-D12) -> 0 | F12: =IF(E12<0.0001,"CONFORME","REVISAR") -> CONFORME | G12: =(C12-Parametros!$B$4)/(Parametros!$B$5-Parametros!$B$4)*100 -> 51.300098 | H12: =Parametros!$B$6+G12/100*(Parametros!$B$7-Parametros!$B$6) -> 51.300098
A13: M9 | B13: 502 | C13: =AVERAGE(B9:B13) -> 524.8 | D13: 524.8 | E13: =ABS(C13-D13) -> 0 | F13: =IF(E13<0.0001,"CONFORME","REVISAR") -> CONFORME | G13: =(C13-Parametros!$B$4)/(Parametros!$B$5-Parametros!$B$4)*100 -> 51.300098 | H13: =Parametros!$B$6+G13/100*(Parametros!$B$7-Parametros!$B$6) -> 51.300098
A14: M10 | B14: 500 | C14: =AVERAGE(B10:B14) -> 524.8 | D14: 524.8 | E14: =ABS(C14-D14) -> 0 | F14: =IF(E14<0.0001,"CONFORME","REVISAR") -> CONFORME | G14: =(C14-Parametros!$B$4)/(Parametros!$B$5-Parametros!$B$4)*100 -> 51.300098 | H14: =Parametros!$B$6+G14/100*(Parametros!$B$7-Parametros!$B$6) -> 51.300098
A15: M11 | B15: 500 | C15: =AVERAGE(B11:B15) -> 500.8 | D15: 500.8 | E15: =ABS(C15-D15) -> 0 | F15: =IF(E15<0.0001,"CONFORME","REVISAR") -> CONFORME | G15: =(C15-Parametros!$B$4)/(Parametros!$B$5-Parametros!$B$4)*100 -> 48.954057 | H15: =Parametros!$B$6+G15/100*(Parametros!$B$7-Parametros!$B$6) -> 48.954057

Sheet Calculo_Inverso
A1: Cálculo inverso — grandeza desejada e sinais industriais
A2: As colunas de verificação reconvertem os sinais calculados e devem retornar a temperatura desejada.
A4: Caso | B4: tempC desejada | C4: Pct | D4: ADC ideal | E4: Corrente (mA) | F4: Tensão (V) | G4: tempC via mA | H4: tempC via V | I4: Situação
A5: I1 | B5: 0 | C5: =(B5-Parametros!$B$6)/(Parametros!$B$7-Parametros!$B$6)*100 -> 0 | D5: =Parametros!$B$4+C5/100*(Parametros!$B$5-Parametros!$B$4) -> 0 | E5: =Parametros!$B$8+C5/100*(Parametros!$B$9-Parametros!$B$8) -> 4 | F5: =Parametros!$B$10+C5/100*(Parametros!$B$11-Parametros!$B$10) -> 0 | G5: =Parametros!$B$6+((E5-Parametros!$B$8)/(Parametros!$B$9-Parametros!$B$8))*(Parametros!$B$7-Parametros!$B$6) -> 0 | H5: =Parametros!$B$6+((F5-Parametros!$B$10)/(Parametros!$B$11-Parametros!$B$10))*(Parametros!$B$7-Parametros!$B$6) -> 0 | I5: =IF(AND(ABS(G5-B5)<0.0001,ABS(H5-B5)<0.0001),"CONFORME","REVISAR") -> CONFORME
A6: I2 | B6: 25 | C6: =(B6-Parametros!$B$6)/(Parametros!$B$7-Parametros!$B$6)*100 -> 25 | D6: =Parametros!$B$4+C6/100*(Parametros!$B$5-Parametros!$B$4) -> 255.75 | E6: =Parametros!$B$8+C6/100*(Parametros!$B$9-Parametros!$B$8) -> 8 | F6: =Parametros!$B$10+C6/100*(Parametros!$B$11-Parametros!$B$10) -> 2.5 | G6: =Parametros!$B$6+((E6-Parametros!$B$8)/(Parametros!$B$9-Parametros!$B$8))*(Parametros!$B$7-Parametros!$B$6) -> 25 | H6: =Parametros!$B$6+((F6-Parametros!$B$10)/(Parametros!$B$11-Parametros!$B$10))*(Parametros!$B$7-Parametros!$B$6) -> 25 | I6: =IF(AND(ABS(G6-B6)<0.0001,ABS(H6-B6)<0.0001),"CONFORME","REVISAR") -> CONFORME
A7: I3 | B7: 50 | C7: =(B7-Parametros!$B$6)/(Parametros!$B$7-Parametros!$B$6)*100 -> 50 | D7: =Parametros!$B$4+C7/100*(Parametros!$B$5-Parametros!$B$4) -> 511.5 | E7: =Parametros!$B$8+C7/100*(Parametros!$B$9-Parametros!$B$8) -> 12 | F7: =Parametros!$B$10+C7/100*(Parametros!$B$11-Parametros!$B$10) -> 5 | G7: =Parametros!$B$6+((E7-Parametros!$B$8)/(Parametros!$B$9-Parametros!$B$8))*(Parametros!$B$7-Parametros!$B$6) -> 50 | H7: =Parametros!$B$6+((F7-Parametros!$B$10)/(Parametros!$B$11-Parametros!$B$10))*(Parametros!$B$7-Parametros!$B$6) -> 50 | I7: =IF(AND(ABS(G7-B7)<0.0001,ABS(H7-B7)<0.0001),"CONFORME","REVISAR") -> CONFORME
A8: I4 | B8: 75 | C8: =(B8-Parametros!$B$6)/(Parametros!$B$7-Parametros!$B$6)*100 -> 75 | D8: =Parametros!$B$4+C8/100*(Parametros!$B$5-Parametros!$B$4) -> 767.25 | E8: =Parametros!$B$8+C8/100*(Parametros!$B$9-Parametros!$B$8) -> 16 | F8: =Parametros!$B$10+C8/100*(Parametros!$B$11-Parametros!$B$10) -> 7.5 | G8: =Parametros!$B$6+((E8-Parametros!$B$8)/(Parametros!$B$9-Parametros!$B$8))*(Parametros!$B$7-Parametros!$B$6) -> 75 | H8: =Parametros!$B$6+((F8-Parametros!$B$10)/(Parametros!$B$11-Parametros!$B$10))*(Parametros!$B$7-Parametros!$B$6) -> 75 | I8: =IF(AND(ABS(G8-B8)<0.0001,ABS(H8-B8)<0.0001),"CONFORME","REVISAR") -> CONFORME
A9: I5 | B9: 100 | C9: =(B9-Parametros!$B$6)/(Parametros!$B$7-Parametros!$B$6)*100 -> 100 | D9: =Parametros!$B$4+C9/100*(Parametros!$B$5-Parametros!$B$4) -> 1023 | E9: =Parametros!$B$8+C9/100*(Parametros!$B$9-Parametros!$B$8) -> 20 | F9: =Parametros!$B$10+C9/100*(Parametros!$B$11-Parametros!$B$10) -> 10 | G9: =Parametros!$B$6+((E9-Parametros!$B$8)/(Parametros!$B$9-Parametros!$B$8))*(Parametros!$B$7-Parametros!$B$6) -> 100 | H9: =Parametros!$B$6+((F9-Parametros!$B$10)/(Parametros!$B$11-Parametros!$B$10))*(Parametros!$B$7-Parametros!$B$6) -> 100 | I9: =IF(AND(ABS(G9-B9)<0.0001,ABS(H9-B9)<0.0001),"CONFORME","REVISAR") -> CONFORME

Sheet Diagnostico_4_20
A1: Diagnóstico elétrico — faixa 4–20 mA
A2: O diagnóstico elétrico é avaliado antes do estado de processo; correntes fora de 4–20 mA representam sinal não confiável.
A4: Caso | B4: Corrente teste (mA) | C4: Pct calculado | D4: Estado calculado | E4: Estado esperado | F4: Diagnóstico | G4: Diagnóstico esperado | H4: V equivalente | I4: Situação
A5: G1 | B5: 3.2 | C5: =(B5-Parametros!$B$8)/(Parametros!$B$9-Parametros!$B$8)*100 -> -5 | D5: =IF(OR(C5<0,C5>100),"FALHA",IF(C5>=Parametros!$B$13,"PERIGO",IF(C5>=Parametros!$B$12,"ATENCAO","NORMAL"))) -> FALHA | E5: FALHA | F5: =IF(OR(B5<Parametros!$B$8,B5>Parametros!$B$9),"FALHA ELETRICA","FAIXA VALIDA") -> FALHA ELETRICA | G5: FALHA ELETRICA | H5: =Parametros!$B$10+C5/100*(Parametros!$B$11-Parametros!$B$10) -> -0.5 | I5: =IF(AND(D5=E5,F5=G5),"CONFORME","REVISAR") -> CONFORME
A6: G2 | B6: 4 | C6: =(B6-Parametros!$B$8)/(Parametros!$B$9-Parametros!$B$8)*100 -> 0 | D6: =IF(OR(C6<0,C6>100),"FALHA",IF(C6>=Parametros!$B$13,"PERIGO",IF(C6>=Parametros!$B$12,"ATENCAO","NORMAL"))) -> NORMAL | E6: NORMAL | F6: =IF(OR(B6<Parametros!$B$8,B6>Parametros!$B$9),"FALHA ELETRICA","FAIXA VALIDA") -> FAIXA VALIDA | G6: FAIXA VALIDA | H6: =Parametros!$B$10+C6/100*(Parametros!$B$11-Parametros!$B$10) -> 0 | I6: =IF(AND(D6=E6,F6=G6),"CONFORME","REVISAR") -> CONFORME
A7: G3 | B7: 12 | C7: =(B7-Parametros!$B$8)/(Parametros!$B$9-Parametros!$B$8)*100 -> 50 | D7: =IF(OR(C7<0,C7>100),"FALHA",IF(C7>=Parametros!$B$13,"PERIGO",IF(C7>=Parametros!$B$12,"ATENCAO","NORMAL"))) -> NORMAL | E7: NORMAL | F7: =IF(OR(B7<Parametros!$B$8,B7>Parametros!$B$9),"FALHA ELETRICA","FAIXA VALIDA") -> FAIXA VALIDA | G7: FAIXA VALIDA | H7: =Parametros!$B$10+C7/100*(Parametros!$B$11-Parametros!$B$10) -> 5 | I7: =IF(AND(D7=E7,F7=G7),"CONFORME","REVISAR") -> CONFORME
A8: G4 | B8: 15.2 | C8: =(B8-Parametros!$B$8)/(Parametros!$B$9-Parametros!$B$8)*100 -> 70 | D8: =IF(OR(C8<0,C8>100),"FALHA",IF(C8>=Parametros!$B$13,"PERIGO",IF(C8>=Parametros!$B$12,"ATENCAO","NORMAL"))) -> ATENCAO | E8: ATENCAO | F8: =IF(OR(B8<Parametros!$B$8,B8>Parametros!$B$9),"FALHA ELETRICA","FAIXA VALIDA") -> FAIXA VALIDA | G8: FAIXA VALIDA | H8: =Parametros!$B$10+C8/100*(Parametros!$B$11-Parametros!$B$10) -> 7 | I8: =IF(AND(D8=E8,F8=G8),"CONFORME","REVISAR") -> CONFORME
A9: G5 | B9: 17.6 | C9: =(B9-Parametros!$B$8)/(Parametros!$B$9-Parametros!$B$8)*100 -> 85 | D9: =IF(OR(C9<0,C9>100),"FALHA",IF(C9>=Parametros!$B$13,"PERIGO",IF(C9>=Parametros!$B$12,"ATENCAO","NORMAL"))) -> PERIGO | E9: PERIGO | F9: =IF(OR(B9<Parametros!$B$8,B9>Parametros!$B$9),"FALHA ELETRICA","FAIXA VALIDA") -> FAIXA VALIDA | G9: FAIXA VALIDA | H9: =Parametros!$B$10+C9/100*(Parametros!$B$11-Parametros!$B$10) -> 8.5 | I9: =IF(AND(D9=E9,F9=G9),"CONFORME","REVISAR") -> CONFORME
A10: G6 | B10: 20 | C10: =(B10-Parametros!$B$8)/(Parametros!$B$9-Parametros!$B$8)*100 -> 100 | D10: =IF(OR(C10<0,C10>100),"FALHA",IF(C10>=Parametros!$B$13,"PERIGO",IF(C10>=Parametros!$B$12,"ATENCAO","NORMAL"))) -> PERIGO | E10: PERIGO | F10: =IF(OR(B10<Parametros!$B$8,B10>Parametros!$B$9),"FALHA ELETRICA","FAIXA VALIDA") -> FAIXA VALIDA | G10: FAIXA VALIDA | H10: =Parametros!$B$10+C10/100*(Parametros!$B$11-Parametros!$B$10) -> 10 | I10: =IF(AND(D10=E10,F10=G10),"CONFORME","REVISAR") -> CONFORME
A11: G7 | B11: 20.8 | C11: =(B11-Parametros!$B$8)/(Parametros!$B$9-Parametros!$B$8)*100 -> 105 | D11: =IF(OR(C11<0,C11>100),"FALHA",IF(C11>=Parametros!$B$13,"PERIGO",IF(C11>=Parametros!$B$12,"ATENCAO","NORMAL"))) -> FALHA | E11: FALHA | F11: =IF(OR(B11<Parametros!$B$8,B11>Parametros!$B$9),"FALHA ELETRICA","FAIXA VALIDA") -> FALHA ELETRICA | G11: FALHA ELETRICA | H11: =Parametros!$B$10+C11/100*(Parametros!$B$11-Parametros!$B$10) -> 10.5 | I11: =IF(AND(D11=E11,F11=G11),"CONFORME","REVISAR") -> CONFORME
